codice,nome,cognome,email,citta
ZSNDNF3958AY28341,Heather,Peterson,hpeterson@yahoo.com,Sussex
45HNEYHZ82F738229,Kyle,Hall,k_a97@hotmail.com,Roswell
ZP7F8SZL2CTN99688,Katherine,Cox,k_m_cox@rocketmail.com,Council
F74H9H4EYDWM61763,Charles,Ross,cross@aol.com,Acme
ASNMFYSDY6G040491,Michael,Gonzales,me@hotmail.com,Houston
JZJS50XNUDRF48688,Stephanie,Carter,stephanie_a60@rocketmail.com,Saint Anthony
FDM10P7S4GRC13151,Brianna,Gray,brianna_lynn@ymail.com,Noble
PV6BXLJN73T307978,Katherine,Allen,k_r_allen@ymail.com,Eureka
SZ9E783WDD6B86237,John,Hall,john.hall@gmail.com,Asheville
ZL4XM4WE1Z4W93760,Olivia,Alexander,oliviaalexander@hotmail.com,Minneapolis
LKLTEV74493X64226,Kelsey,Moore,kelseymichellemoore@aol.com,Mendon
S1EMJE00JELY82423,Claire,Robinson,clairerobinson@live.com,Stirling City
KY7FL7YMELRP39017,Charles,Green,charlesdgreen@hotmail.com,Eldorado Springs
779RYGBUUKEU35203,Richard,Stewart,richardlstewart51@outlook.com,Venice
9MDZP1NTGRV492160,Claire,Patterson,clairemichellepatterson@outlook.com,Tulsa
S75KR895L02A34231,Courtney,Martinez,c_d_martinez@rocketmail.com,Brooklyn
WRX93RY0ZV9Y42324,Oliver,Foster,oliver_joseph_foster@ymail.com,Erie
T09XXCP880LP71317,Natalie,Brown,nbrown@rocketmail.com,Johnson City
8H95A8JBUENL02649,Alexander,White,alexander25@rocketmail.com,Highmount
C1LHCV3ENLNK29007,Joshua,Campbell,ja74@outlook.com,Los Angeles
XTX9YJYZDF4H55051,Brittany,Thomas,b_m@live.com,Preble
2KS02H3T4P7L86463,Patrick,Phillips,psphillips@aol.com,Fort Washakie
5AUYWNLRAWLX30997,Zachary,Bryant,z_g_bryant@live.com,Los Angeles
SCW4JSSRHRTV78952,Kyle,Miller,kyle.miller@live.com,Ola
F5A1L99A0Y7D04107,Robert,Young,robert_charles_young@rocketmail.com,Idyllwild
SX6FRZ2VVD9127117,Olivia,Nelson,o_m_nelson19@gmail.com,York
6YFCFEFBWW8P64140,Amelia,Cox,amelia.cox@ymail.com,Oneida
SZBRSVPSTTWK27496,Jason,Peterson,jason_r_peterson@ymail.com,Wolcott
814VNKENJE5A40365,Courtney,Torres,courtneytorres@yahoo.com,Wheatland
8YMJEGPD96BH95119,Emily,Taylor,emily@rocketmail.com,Oklahoma City
8BVGWC03DSXM69077,Julian,White,julian.white@ymail.com,Waldron
14RAMRDLEZBW47774,John,Evans,john_james_evans@yahoo.com,Hope Hull
SKKETK8P08MV00004,Patrick,Thompson,pthompson@live.com,Palm Harbor
J22MDPJJNN0C41551,Joshua,Green,joshuagreen@aol.com,Southampton
BK8DMJ0JUJX297907,Laura,Richardson,laurarichardson@live.com,Malcom
T3FT5AHHHCUD75082,Sean,Russell,seanjohnrussell@ymail.com,Reno
YZBLHU2R4EP177869,Amber,Brown,albrown@rocketmail.com,Howland
HCT1UTPGD26C51989,Sean,Perez,sperez2@aol.com,Charlotte
YGPSXR293L4A87383,Eric,Price,erictprice@gmail.com,Charleston
GY23UYUGU1HW04175,Alexandra,Gray,alexandra@gmail.com,El Paso
F3U42M3VD9P924890,Austin,Bell,ag@yahoo.com,San Francisco
WBEZBTVS72HK62370,Dylan,Sanders,d_a_sanders@hotmail.com,Chatham
LYTTKETCX4M284658,Henry,Williams,henry_alexander@gmail.com,Los Angeles
ZRU8MYTDD28A91914,Eleanor,Thompson,eleanor@aol.com,Alhambra
3R0LV03XLDHK27455,Anthony,Lopez,anthony_l32@aol.com,Rock Island
PCF00056L08A56870,Sarah,Parker,sdparker@live.com,Nipton
88YKBYNF02RB04715,Steven,Miller,s.s@outlook.com,Roby
59FXR5D20T6F44925,Katherine,Cook,k.r.cook80@outlook.com,Pittsfield
G0ZG25JB2VLV84131,Claire,Lee,claire_lee@ymail.com,Mankato
WM92LHCU6Z8Z60094,Layla,Robinson,layla_a_robinson@rocketmail.com,Willis
PD1HVW9TZTC101375,Joseph,James,j.james@ymail.com,Walnut Creek
5HHAZ4WN8D9563516,Jessica,Bennett,j_bennett@aol.com,Beloit
TAEEB2W83C8K84663,Rachel,Harris,rachel_m@hotmail.com,Seelyville
FV7D9H1NJ82G67986,Claire,Hayes,crhayes@live.com,Oakford
8BCEKULV6T7901641,James,Allen,jamesaallen@outlook.com,Gueydan
4ZK5KRFG0WNU90785,Victoria,Bryant,victoriabryant@aol.com,Bromide
YYMSZZF2SATE93832,Charlotte,Walker,c_walker@rocketmail.com,Atlanta
FHJARG0KZYRN34685,Rachel,Hill,rachel@hotmail.com,Jal
6PUC7W8MLUSB60330,Grace,Reed,greed41@outlook.com,Lyons
REJ2A9B8K5KH04390,Brianna,Mitchell,bmitchell@aol.com,Fort Calhoun
Y0HEMMM3NE8P62092,James,Gonzales,james.allen.gonzales@rocketmail.com,Frederick
EUSB7L5ADHSU30406,Samantha,Diaz,ssdiaz@hotmail.com,Omaha
NPTU1Y2CUBV818078,Anthony,Thompson,anthonythompson@outlook.com,Reading
B0ZTS9BFXKEN28388,Oliver,Williams,oliverwilliams@gmail.com,Waterville
JJG3SARX0NZU33993,Charlotte,Murphy,c.murphy@yahoo.com,Augusta
55AG1ALDX8TC15619,Olivia,Brooks,oliviarenee98@rocketmail.com,Tennessee Colony
U0DAKGJE155E86785,Eric,Turner,eric_turner@live.com,Gunnison
BCP0880319LA80165,Chelsea,Evans,chelsea.renee.evans39@gmail.com,Oxnard
VNA8JN25TVCU46218,Joseph,Clark,j.c.clark95@gmail.com,Saint Vincent
PG90EALG955827172,Ethan,Martinez,e.martinez@rocketmail.com,Vero Beach
DH8VSGJND9YS12044,Eleanor,James,eleanorjames@outlook.com,Evans
FJ294ACK2B1Y25592,Olivia,Martin,olivia_renee_martin@yahoo.com,Springfield
H6S5T1G9XWFA16414,Amanda,Howard,a_howard@gmail.com,Cheyenne
VZLZHSWA0U4836199,Tiffany,Bennett,t_g_bennett@yahoo.com,Cedars
9GYP1NTUUYKW15826,Stephanie,Hughes,stephanie@ymail.com,Kidder
L0UVPGLPSHU655940,Kayla,Lopez,k.d.lopez@yahoo.com,Gilberton
GRDTWWGNKJTA52655,Haley,Morris,hm84@rocketmail.com,Washtucna
8UJZP83JFYAY50731,Aiden,Sanchez,aiden.richard.sanchez@ymail.com,Brisbane
4F0JZW2DST9L07509,Grace,Adams,g_adams@gmail.com,Port Henry
SCVW5LL6WBRX14058,Jonathan,Bryant,jonathan_joseph_bryant@hotmail.com,Arlington
BUVV4FAN2X2442396,Ryan,Phillips,r.j.phillips@ymail.com,Wyarno
HGRAV490V6FE38964,Haley,Rodriguez,h.rodriguez@outlook.com,Grand Prairie
8BMYCYGP6F9101283,Eric,Bell,ehbell@hotmail.com,Doe Hill
51UK4A9TUCHB86766,Henry,Parker,h.parker@hotmail.com,Tacoma
WN3XRTN5411P60279,Adam,Hernandez,adam.h.hernandez@rocketmail.com,Plato
D32KG5ESN4S705000,Steven,Baker,s.r@hotmail.com,Braman
KXJYK8UX07GJ19428,Amelia,Jackson,amelia_jackson@gmail.com,Knoxville
UVSWP5HPFAEB79381,Kevin,Murphy,kt@rocketmail.com,Hickman
BJ5UMSTVEL2Y02020,Amanda,Rivera,amanda.rivera@yahoo.com,Fairbanks
KPVRE4FRXDCU30355,Erin,Brown,e_brown@rocketmail.com,Miami
DNXYSYWZG83Y57442,Taylor,Cox,taylormariecox@rocketmail.com,Waldwick
92R493XR3MVC66760,Austin,Rivera,a.rivera10@rocketmail.com,Matamoras
DTETLLF21PU493212,Aiden,Brown,a.a.brown@hotmail.com,Howard Beach
TN1FL70SD19P58724,David,Russell,david_russell@yahoo.com,Cameron
UN2GZACN8CDJ06332,Sophia,Ross,sophia_r_ross@ymail.com,Lluveras
ZV8RCML7RHGJ61947,Victoria,Washington,victoriarwashington@gmail.com,Champaign
HPRAKZ1CANGR84399,Stephen,Wilson,stephen.a.wilson@aol.com,Crab Orchard
DAEWGK5T123137735,Rebecca,Moore,rmoore55@yahoo.com,Rockport
WY0AX57CDU3S78158,Brianna,Carter,b.g.carter@aol.com,Neenah
CP6YCE926XC568172,Joshua,Jones,jrjones@hotmail.com,Durham
V87VU0BRU9ZE02882,Joseph,Young,joseph_young@yahoo.com,Washington
8Z2UWJUG07C666954,Theodore,Wright,twwright@gmail.com,Cambridge
CJ2CWUWZKV8K73516,Jack,Brooks,jack_f_brooks88@gmail.com,Poplar Grove
PTJRAK6C46A779271,Mark,Lewis,marklewis95@hotmail.com,Fort Lauderdale
X3BRSC7HWCB167309,Kevin,Gonzales,kgonzales@outlook.com,Olaton
J7JUDYGB2SF265097,Gabriel,King,gabrielking@aol.com,Seattle
CPLGPCLBNUBL07919,James,Barnes,james_d_barnes@live.com,Wenonah
D4LXM5WXEZDG83214,Taylor,Wilson,taylorann27@hotmail.com,Berwind
DBRXCFDKLLEX66563,Dylan,Anderson,dylanray@hotmail.com,Titusville
TVMP5MKUDFB885001,Isaac,Hernandez,i_hernandez@yahoo.com,Colton
31072SHEB5L301987,Maria,Coleman,mariafcoleman@ymail.com,Muscle Shoals
E32GSE9TYPEL13641,Amber,Lewis,a.lewis@yahoo.com,Franklin
JJ1CY7J7Z5NL78660,Andrew,Sanders,andrew.j.sanders@ymail.com,Alexandria
57NWBW0E5FNZ45366,Kelsey,Wright,kjwright@aol.com,Spring Brook
XVPMCGY99R9H36613,Brianna,Gonzales,b.m.gonzales@aol.com,Robinson
SZS6HJFUDVAE29817,Jason,Parker,jason_charles_parker@live.com,Le Mars
PD6ERZFKWGC516770,Tyler,Ward,t.ward52@hotmail.com,Bent
SSK5LEZKJGS894557,Michael,Cox,michaelacox@outlook.com,Tyler
67KGDMRDFKSR71625,Chelsea,Perez,c.r.perez@ymail.com,Shenandoah
7XU9UKA8425B97708,Layla,Walker,l.a.walker@outlook.com,Stonewall
HSTLD1GHH80T05073,Henry,Torres,htorres@outlook.com,Young Harris
ARR6HURYPSCR50946,Patrick,Hughes,p_d@live.com,Tremont City
YTL09DAFHX2L17383,Chelsea,Turner,chelsea.a.turner@yahoo.com,Campaign
VPKC4KC6KLX421254,Amanda,Hughes,a.k.hughes@rocketmail.com,Pierre Part
PY9H3DTUWSKG33991,Richard,Ramirez,richardramirez@ymail.com,Sturgis
MEX311GNDBLL05109,Amelia,Cook,ameliacook@live.com,Washington
9W7KEN39F16C81007,Kimberly,Morgan,kimberlyamorgan@yahoo.com,Hyannis
N417W1GGF58R29052,David,Jones,d.w87@rocketmail.com,Fort Myers
P77BYMBYAZ3H54586,Brianna,Stewart,brianna_irene27@live.com,Terre Haute
DX708BH73JCN90000,Brittany,Simmons,b_simmons@aol.com,Hudson
VGCT6N7R4J6359030,Timothy,Hayes,th@yahoo.com,Lost Creek
NEG60BE1EV5Y75880,Henry,Miller,h.miller54@hotmail.com,Cannelburg
XL5BGNSXBP3428130,Natalie,Kelly,nataliekelly60@hotmail.com,Tappan
A8WAVZK3C8NB88388,Tyler,Martinez,tmartinez78@hotmail.com,Colorado Springs
5T1WER9ZXU1152894,Tiffany,Cox,tiffany_m_cox64@aol.com,Eckley
MN2CDVCLE2MJ02856,Tyler,Russell,tlrussell@hotmail.com,Metz
6UBPZVE6LVK317785,Jose,Taylor,j_taylor@ymail.com,Brownsville
KY558X8N4Y3865780,Samantha,Roberts,s.roberts44@aol.com,Florence
WY76SRZV4S4H23993,Zachary,Morris,zmorris@rocketmail.com,Washington
UXNTEUBRYGCD93156,Sarah,Martinez,s_martinez@live.com,Terlingua
RZA0VXXZPE7144450,Brittany,Bell,b_bell@hotmail.com,Sharon
3Y5TFDD6D74N43411,Jeremy,Robinson,j_w_robinson@gmail.com,Cordova
A78KHRHH5L3W25787,Steven,Phillips,s_a@rocketmail.com,Nu Mine
A57H2AKUAXUD33123,Henry,Lewis,hjlewis@aol.com,Turlock
GLUX38FE7HH584973,Jonathan,Mitchell,jw@hotmail.com,Plaquemine
LC0UFRY8D38Y61088,Brittany,Hill,bhill@aol.com,Parkman
NG4MD2SBW1BB72669,John,Perez,john@aol.com,Rochester
BLP38T2ADU3086638,Isaac,Flores,iflores@gmail.com,Covelo
H85BE2WVR1S618533,Eric,Jones,eric.wayne.jones@rocketmail.com,Rogers
XEZ7GX2KNBG180675,Grace,Campbell,gcampbell@hotmail.com,Indian Head
FHDH11J97HJY05905,Sebastian,Brown,sd@outlook.com,Rowland Heights
NVDW4060VJPH96553,Kayla,Clark,kayla.m.clark@ymail.com,Chester
TD44FJB6NJBM43792,Robert,Turner,robertallenturner@aol.com,Monterey
0XG6B4KVG16N41809,Benjamin,Thomas,b_thomas@ymail.com,Denver
UV1L5SJBNXWW30970,Jessica,Kelly,jessica@live.com,Sanders
4HFAXPT83H9B64185,Layla,Jones,laylamjones@outlook.com,Norcross
M8DVT0Z9BBE336863,Courtney,Wilson,courtneylouisewilson@live.com,East Moriches
44NWV62ENDF040533,Nicholas,Russell,nicholas.t@hotmail.com,Santa Clara
P7X9Y396VHP139237,Owen,Harris,owen_harris@yahoo.com,Roseland
FFLN3V0565TJ88436,David,James,d_a_james@yahoo.com,East Carondelet
01N34JGL8YJL91048,Emily,Lewis,emily@ymail.com,South Haven
5WTA3GL62LAM70207,John,Gonzales,jgonzales@hotmail.com,New Haven
BSVFAWDBGE7P62394,Anthony,Moore,anthony_moore@gmail.com,Bastrop
0LTZYUJEZXD451124,Olivia,Ramirez,olivia_ramirez@gmail.com,Riverdale
TUNJVXMHUCUE98475,Michelle,Harris,m.harris15@outlook.com,Harrisburg
R4TGS4985GHY15341,Sean,Gray,sagray@yahoo.com,Decatur
2WGBCKB0NSXA81419,Anna,Morris,a.m@rocketmail.com,Quinebaug
HVYHG57CLHUH34242,Benjamin,Phillips,benjaminphillips@gmail.com,New York
5E04T8VV2MSN29099,Oliver,Ramirez,o_w_ramirez@aol.com,Fort Worth
WWLWX93DZC3272978,Matthew,Garcia,m.garcia@gmail.com,Indianapolis
3VN28XZNP0JX61769,William,Phillips,w_j_phillips@hotmail.com,Pittsburgh
YW008UBL4DVF83350,Rachel,Scott,r_r_scott@outlook.com,Gypsum
L6LR8TE5CEZW89093,James,Allen,j.m.allen@hotmail.com,Cluster Springs
N45WDK0ARN5R23853,Gabriel,Hill,ghill@hotmail.com,Walthall
FMB6LELG7C6010710,Layla,Phillips,layla.phillips@aol.com,Waxhaw
SYNC9353J25N32395,Robert,Adams,radams@hotmail.com,Washington
5D8JW3AMF9M817792,Rebecca,Young,rebeccayoung@outlook.com,Dayton
L8X4SLVATKS148771,Charles,Peterson,charlespeterson@rocketmail.com,Melrose
JMYF45BGWKBM79287,Ashley,Turner,alturner54@gmail.com,Mayville
6Y8M8M1HVWV058960,Joshua,Phillips,j.phillips@aol.com,Fife
KWJYMT6F90FR66933,Brianna,Carter,b_e_carter90@ymail.com,Gilman
X8KAA2TDBVK900086,Matthew,Bennett,m.f.bennett@hotmail.com,Washburn
5A8JC3WYGC0C00313,Steven,Garcia,steven_r_garcia@live.com,Madera
NZV7ZRKYWZLP34889,Justin,Cooper,j_g_cooper23@outlook.com,North Benton
4P0D3P4N20YG31734,Isabella,Phillips,i_phillips@hotmail.com,Columbus
A8R37SG1SRCU30723,Brittany,Powell,brittanypowell@live.com,New Castle
2AMYTC2KZTGR26289,Tiffany,Reed,tiffanyreed@aol.com,Porter
6BU8JEK9UWD495924,Eric,Edwards,el@rocketmail.com,Cecil
DA5T65WJVCUW93383,Jessica,Peterson,jpeterson@outlook.com,Carolina
NC1SBH5MPEUV65618,Owen,Roberts,otroberts@aol.com,Fort Wayne
8EH3CEAKFG1U03025,Erin,Perez,erin.perez@live.com,Carlton
A19MWJ3TYE5521422,Alexis,Johnson,alexis.jane55@live.com,Rudyard
S38GDMUMCSE807321,Brandon,Coleman,brandon_coleman@gmail.com,Taberg
273H4LN4E21E64750,Lillian,Alexander,l_alexander50@outlook.com,Oxford
8TWDDH836ZDH97086,Jessica,Ross,j.l.ross@rocketmail.com,Old Town
04YGKNW1MZVT31213,Kimberly,Butler,kbutler66@hotmail.com,Peak
KPRMJWZ6W32B87770,Samantha,Kelly,skelly56@live.com,Point Lay
C0X6ECH1550D43294,Abigail,Butler,abigailirenebutler@live.com,Atlanta
MFG8CMS4UFYD96774,Maria,Ross,mross4@hotmail.com,Wiconisco
THZRMY7F1YCL70757,Brittany,Butler,bbutler@aol.com,Kingston
1X7706X594U699100,Charles,Russell,cr15@rocketmail.com,Medina
SVKXRM21YW5486347,Isabella,Hayes,i.n.hayes@ymail.com,Nampa
BGXAKAZ2EGMH68847,Jeremy,Thompson,jjthompson@outlook.com,Covington
ESJYAKKZVEGX51229,Nicole,Richardson,n.r.richardson42@rocketmail.com,Berry Creek
19EUG7ZT7DAR46058,Elizabeth,Thompson,elizabethlthompson@aol.com,Alpine
26TE9DM23E9U57802,Claire,Kelly,clairelkelly14@rocketmail.com,Vancleve
7RG3XZKZKETV62459,Timothy,Thomas,timothyjames@outlook.com,Blue Mound
RMFWZDYFG4TK25199,Oliver,Simmons,o.l@outlook.com,Philadelphia
6BCJ6A0JVWP029258,Alexander,Robinson,alexander_robinson25@hotmail.com,North Turner
ZM2NGF0ZD78005759,Katherine,Adams,katherine.adams54@gmail.com,Anaconda
076FEH1FPTK165926,Joshua,Butler,j_j@hotmail.com,Franklin
MJGZMD6928XF34298,Kimberly,Alexander,k.l.alexander@rocketmail.com,Golden
61YL9UJC11CH31391,Henry,Edwards,henryedwards@aol.com,Marietta
FJU5PFDL6MA422899,Joseph,Turner,josephturner62@gmail.com,Pinecrest
HRANUM1WCNMK68175,Melissa,Walker,melissa.lee@rocketmail.com,Medaryville
RFKRDYEVD9GE44711,Alexis,Wilson,a.s.wilson@rocketmail.com,Bloomington
659P65A5Z71885375,Jonathan,Smith,j.smith@aol.com,Toledo
J8AHB03RVA6X97969,Eleanor,Long,eleanorllong31@gmail.com,Dallas
Y5GH9ZSZLNRU86591,Natalie,Price,natalie@ymail.com,Denver
LC8TV96H72CY42465,Robert,Reed,rreed9@live.com,Monmouth
67CNYZ9MTXU897714,James,Edwards,j.g@yahoo.com,Chino
VS4HZYT15FVH94414,Kyle,Jackson,k.c.jackson@gmail.com,Point Pleasant Beach
3P1ZW6X6KE8U07401,Mateo,Lewis,mateolewis26@aol.com,Checotah
1ZFJNJVRMGR341752,Rebecca,Gray,rebeccasgray88@yahoo.com,Naples
122FLGM98A7713834,Heather,Bryant,h_n_bryant@hotmail.com,Phippsburg
CUB1U3S48FSF70840,Julian,Hayes,j_c_hayes@outlook.com,Asheville
436UGH89FJ4T24532,Laura,Baker,laura@rocketmail.com,Nashville
KE3F6HSR79Y956371,David,Campbell,david_lee_campbell@yahoo.com,Carlton
G9ASMS2EX75L87582,Rachel,Jackson,rjjackson@ymail.com,Rigby
VH9H2AK34T2N27139,Tiffany,Mitchell,t_m_mitchell@live.com,The Plains
6A8AXK29CG0037289,Mark,Adams,mwadams54@aol.com,Washington
JL9BL55R0E5H64020,Taylor,Brooks,taylor.l.brooks@aol.com,Cape Girardeau
2X2XYB4XV2FR00048,Sebastian,Griffin,shgriffin@yahoo.com,Clarence
BA11LNKMXMCZ83402,Christina,Foster,christina70@live.com,Travelers Rest
AJN396C4VMS227743,Isabella,Allen,ilallen@gmail.com,Forest
MA5A54E9NZKA78973,Jason,Brooks,j_f_brooks@hotmail.com,Owanka
1E4CHFPNWUKU98765,Megan,Brown,megan.faith.brown64@gmail.com,Mercer
WLLXAF2M9R5153307,Joseph,Murphy,j_w@outlook.com,Unionville
TKLE2791GRMH62360,Megan,Patterson,megan.i.patterson71@outlook.com,Blackstock
5EVKKH2087G801298,Brian,Hall,bhall58@yahoo.com,La Jolla
FCCYJ19UE4RL00949,Jessica,Hernandez,jhernandez22@aol.com,Tucson
XUJUAJJSRFXX92862,Adam,Jones,arjones@ymail.com,Live Oak
UFPB98EGNUT929370,Richard,Walker,richard_joseph_walker4@gmail.com,Uxbridge
M7L9C1K7X0CF82208,Jonathan,Moore,jmoore@rocketmail.com,Minneapolis
J9VFSJ6DE7LG55025,Isabella,Lee,isabellasuelee@ymail.com,Woden
6FJC8ACCSZM511556,Aubrey,Allen,aubrey_allen@gmail.com,Jonas Ridge
HCY3F95A7VJC72033,Jennifer,Kelly,j.a.kelly@rocketmail.com,Lublin
MJZNDPJHJ0BX28915,Brittany,Jones,brittany_jones83@yahoo.com,Madison
XDHNB0CVW3BV06461,Taylor,Torres,t_m_torres@aol.com,Norwalk
WLSMZJHKJB9H36301,Alyssa,Ross,alyssa.ross@gmail.com,Durham
99NLTRDBZCLL10313,Isaac,Hall,isaac_george_hall@gmail.com,Hickory
KCT79T1NXGMU33126,Amber,Smith,ambersmith@gmail.com,Bloomingrose
ZNZL0ZWM7YTX51565,Evelyn,Moore,evelyn.moore@yahoo.com,Lenox
0M4Y95F0BW8B36816,Joshua,James,joshuaejames5@rocketmail.com,Owensburg
CWA5DEDL36N609179,Sophia,Flores,s.flores@yahoo.com,Moulton
4NRMG65HR3NY23039,Alexis,Mitchell,alexis_mitchell@rocketmail.com,Lake Como
4NXP5SZX6DGC49205,Maria,Young,m.young47@live.com,Dannebrog
6Y88W0E55C9A43187,Julian,Parker,julianparker58@outlook.com,Atlanta
W0XBZR4C3U1S68997,Gabriel,Bailey,g_m_bailey@outlook.com,Babb
AXKBYZKL2P7U67627,William,Moore,wgmoore@hotmail.com,Ivanhoe
0V8GDYRJLX8J52106,Jonathan,Williams,jonathan.robert.williams@aol.com,Charleston
F20TG3SP5GN665525,Tyler,Ramirez,tlramirez@rocketmail.com,Hayti
29XAFZWEWNES88808,Anna,Lewis,a_n_lewis@hotmail.com,Malta
FMULTFHMU84C06304,Robert,Richardson,r_c_richardson@aol.com,Warren
9RB4LWV5X6R108303,Sebastian,Ramirez,s_ramirez@yahoo.com,Wardtown
FC80F1WRL9JA12230,Sean,Edwards,seedwards@aol.com,Mason
6NEV64UJ1M9852015,Alyssa,Collins,a_collins@live.com,Rodman
9CCULMJEHNDJ86480,Oliver,Flores,o_flores@rocketmail.com,Lumberton
EWY1HKLTG2YU21459,Allison,Morgan,allison@live.com,Hanover
UPV3HXMXBLT699785,Lillian,Perez,lnperez@rocketmail.com,Quapaw
EVWEHMPDK43G50873,Brianna,Powell,briannapowell@live.com,Buford
ADX661A32UZA50688,Isabella,Howard,isabella_renee_howard@outlook.com,Springfield
A35XDKB8B4T350239,Haley,Johnson,haleyjohnson@rocketmail.com,Findlay
7YY3WXH4FG0M70091,Ava,Morgan,a.r.morgan@rocketmail.com,Gadsden
TA5R2U83XMTR17379,Aaron,White,a_d_white@outlook.com,Bristol
NS11148HPHF786738,Alexis,Long,alexis_long@rocketmail.com,Chippewa Falls
7H18TPEEX7M518572,John,Brooks,john_allen54@ymail.com,Kootenai
CCSYEGW6LAVA59851,Aubrey,Nelson,aubreynelson@yahoo.com,Buchanan
4FHZJKV10WVN99311,Grace,Perez,grperez30@aol.com,Young America
2WR829JZ52VJ80404,Jeremy,Perry,j_m_perry@gmail.com,Lucasville
UKAW5TUUZ9MX53765,Maria,Perry,maria.perry@gmail.com,Phoenix
PPX9K9XCG5D415425,Zachary,Evans,zacharyhenry@aol.com,Clarkrange
XA0252X7LNHV68259,Sean,Walker,s_a@hotmail.com,University Park
RE5ZPHJP64NH10490,Samantha,Taylor,s.taylor83@yahoo.com,Lowndes
GGUY8BM7PZTZ42264,Sofia,Hill,s.hill@outlook.com,Trempealeau
YXWX3G88SL9941583,Patrick,Martin,p.l@rocketmail.com,Armuchee
SAS0YV7JGAHR98250,Zachary,Miller,z_a_miller@yahoo.com,Belmont
6UW3VJPHG04E90095,Kayla,Russell,k.russell@aol.com,Clark
MY5LVPXD43B857827,Layla,Butler,laylamichellebutler@hotmail.com,Mesquite
0P5LA28VWDFE20469,Kayla,Sanchez,kayla.a.sanchez@ymail.com,Long Beach
VS2CBC0R6VTG38733,Jason,Stewart,jason_m_stewart@gmail.com,Sun City Center
ZX4YM1ZKVHYK89037,Isaac,Phillips,isaacjoseph@outlook.com,Salem
J7J63YZYWB0R24709,Aubrey,Taylor,aubreytaylor@hotmail.com,Madison
70PZEV4NJ5ND51962,Sofia,Ward,sofia_ward@outlook.com,Lester
3TFY25YB8T1W35189,Henry,Brown,henry.brown@rocketmail.com,Greenwood
W2L2VUH0198017980,Amber,Hayes,a.m.hayes@gmail.com,Stockton
1TT8JHUTH88H48157,Eric,Smith,eric.r.smith@aol.com,Townville
V4J4W51SE6KT56022,Audrey,Sanchez,arsanchez@gmail.com,Guysville
XPWFWMM7R1KG40670,Ryan,Gonzales,ryan_gonzales@gmail.com,Madison
FB4SL2MJ27CR32425,Elizabeth,Garcia,e.garcia@ymail.com,Onset
3LC2PE14V5U000824,Theodore,Martin,t_a@hotmail.com,Corbin
P43U7CMEKR4D25480,Chelsea,Perry,chelsealperry@rocketmail.com,Brooklyn
02SHHMNWC7MW79643,Tyler,King,twking@rocketmail.com,Onsted
5W6ADEZB7FMS00856,Sarah,Ward,sm@gmail.com,Columbus
RK4KN2PGVKKL42573,Thomas,Robinson,thomas_robinson@live.com,Petaluma
GNWVKFT2A6HY55009,Stephen,Hill,stephen@outlook.com,Staten Island
9FYNJ4WR6BCF76832,Emily,Wilson,emily.r@rocketmail.com,Shasta Lake
D7XVR8Z1EPYV95233,Richard,Morgan,r_m_morgan@outlook.com,Rising City
LGVG8P50PY3379516,Julian,Morris,jj@outlook.com,Rangely
9W1M51GDC0JH78075,Anthony,Williams,anthony.williams@ymail.com,Ocean City
HX417A4LAXEM75132,Jack,Russell,jack_s_russell4@hotmail.com,Belews Creek
7RXA3ZSUJV2K11666,Amanda,Turner,aturner@ymail.com,Arlington
3T2VUPKB7MUT97730,Jeremy,Ramirez,j.ramirez@gmail.com,Defiance
D8YVXLYYPENZ30730,Jack,Cooper,jackallen@outlook.com,Sedona
1J21A168YFDN56842,Joseph,Cox,josephmatthewcox@ymail.com,Pine Brook
93MMNB2GVZN809566,Amanda,Hughes,amanda57@rocketmail.com,Whitmore Lake
HZ13KVJWD07Y89548,Lillian,Martin,lmartin@yahoo.com,Alto
L27FCKWRZJ9B86944,Michael,Henderson,michael_henderson@aol.com,Middlebury
HDV4G79RG85Z19343,Stephanie,Reed,s.reed90@rocketmail.com,Helena
2Y6T6426ZRHH76298,Claire,Hill,c_hill@rocketmail.com,New Orleans
85E3JF5Y38X156772,Sean,Nelson,seanjnelson78@aol.com,Gibbon Glade
6949SDJN47P736935,Natalie,Butler,natalieebutler@live.com,Portland
S5B5FK946ZCT20977,Owen,Perez,o.e.perez@yahoo.com,Westminster
9BAD5JGTST6658597,Courtney,Ross,c.i.ross@gmail.com,Oakesdale
NYHE9L3GYWDL82294,Ryan,Scott,r.scott@outlook.com,Bakersfield
UTNXEL3JSYAS07145,William,Mitchell,w_mitchell@outlook.com,Ola
VD21MP8FFAWD32349,Sofia,Cooper,s_a_cooper@ymail.com,Lancaster
A1SF481ZTXM117583,Alyssa,Gonzales,a.a71@gmail.com,Ocean Park
78CFM0MW6M1Z84384,Henry,Davis,hddavis@gmail.com,Range
4UR8YD0NH4T140921,Jeremy,Alexander,j.alexander@outlook.com,Marshall
SK4ULG2LU0MX15944,Haley,Long,h.long@yahoo.com,Montpelier
EJ3R0B2K66ZJ81533,Brian,Turner,brian.david.turner71@gmail.com,Tucson
1BYLC9XT358A56246,Andrew,Coleman,a.coleman@outlook.com,Sacramento
2MLZZ3JLS54L65815,John,Wilson,j_w@gmail.com,Emma
FL1Y6X4PGRYB19113,Sophia,Moore,s.a.moore@rocketmail.com,West Long Branch
DRULS8WGT3EL93639,Eric,Ramirez,ericramirez@aol.com,Toppenish
G36D9832YB9234844,Joseph,Coleman,jccoleman@rocketmail.com,Ashland
PH5U9VUKAB6755144,Olivia,Griffin,olivia_jane_griffin@ymail.com,Central
GBKR3CAZVNP129431,Aiden,Jenkins,ajenkins@yahoo.com,Pardeeville
VMP9UJRT0TEF14950,Timothy,Jenkins,timothy.r.jenkins@live.com,Pandora
9JP5KV9AB8PW71967,Henry,Young,hyoung22@live.com,Clinton
7GKLZZ9G26CL53006,Amanda,Price,aeprice1@rocketmail.com,Mcville
0WKYVXW5VGFX38422,Thomas,Morris,thomas_m_morris@ymail.com,Nampa
KVF7NFA802TV42390,Stephen,James,stephen.james@live.com,Winter Springs
AWMF47W0T1GK11571,Olivia,Carter,olivia_g_carter@outlook.com,Cambridge
38ZR9CTZHDZ033753,Robert,Simmons,rsimmons@aol.com,Visalia
J44FC0DDD8TD48001,Aiden,Perez,aiden.james.perez@ymail.com,Rohnert Park
YBL3K1T5E5Z872333,Tiffany,Baker,t_baker47@ymail.com,Listie
LX00W1JF0KDA80097,Hannah,Coleman,h.coleman@gmail.com,Santa Monica
C2CXR5GYLH7J53980,Gabriel,Powell,gabrielpowell@gmail.com,Bellevue
1E6HLC4MABND04354,Samuel,Mitchell,samuel73@aol.com,East Killingly
MRP4UUBPGR4N76170,Ava,Bailey,a_r_bailey@hotmail.com,Quimby
GZHVKC5Z2X9350699,Kimberly,Stewart,k_stewart@yahoo.com,Sutherland
7A1FSWVSH37U23915,Richard,Clark,r.f.clark@outlook.com,Kirkersville
181LA921JZ4P54370,Joshua,Coleman,jlcoleman@yahoo.com,Hickory
NYLPY0JS071U68236,Courtney,Rodriguez,c.rodriguez55@live.com,Cusseta
927MDCJMFD8P10414,Eric,Campbell,eric.matthew@rocketmail.com,Roy
XXCTVPZE16HP42295,Gabriel,Stewart,gabriel.stewart@live.com,Granville
T1H4YB29F86K71708,Patrick,Rogers,p.rogers@yahoo.com,Dateland
F4TZLHZFCZ1P48443,William,Miller,wamiller37@ymail.com,Ochopee
0XC0H6YYJX0F00453,Sara,Simmons,sara.anne.simmons@aol.com,Lucas
3PFHJPZVD8BG30191,Audrey,Gray,a.gray@hotmail.com,High Point
8G7N90T1LJJN18342,Kimberly,Long,klong52@gmail.com,Palm Springs
Z7804PWNNPKF96257,Richard,Davis,rj@rocketmail.com,Morland
FCSJMEEJCWC183515,Amanda,Davis,a_davis@live.com,Canaan
9UP9VWNSJN0B52926,Justin,Martinez,justin.j@aol.com,Paris
3FSWKKGNDU1E30678,Joshua,Wright,joshua_wright@aol.com,Guthrie
7NWR0FAUN4VP71645,Lauren,Thomas,l_m@hotmail.com,Crozet
3WPA959M2SXD26690,Oliver,King,o.king@live.com,Tougaloo
LTCXEPK2XKKA23169,Aiden,Ward,aiden_charles_ward@yahoo.com,Huffman
K3A6L0CPPWS487343,Thomas,Reed,thomas_a_reed@outlook.com,Sasakwa
FNC7RYAFJUBK05029,Erin,Wood,erin.wood@gmail.com,Newtonville
CEUDH751NRYP92635,Sarah,Brown,sarah_j_brown@rocketmail.com,Sontag
0PT32YRD9LR285466,Sebastian,Sanchez,s_sanchez37@aol.com,Mequon
1AHBFBU9SPRW69969,Jeremy,Ward,j.ward@aol.com,Alameda
DVJJMU55TPN265213,Jeremy,Flores,jrflores@yahoo.com,Tappan
NTF5MAU00R1870999,Alyssa,Coleman,alyssa@rocketmail.com,Leavenworth
JDA8K54JH81516460,Christina,Lewis,christinamlewis@outlook.com,Estherville
XX3709LLZWRU38193,Stephanie,Patterson,stephanie@hotmail.com,Glendale
69MHFLGU8LZ045882,Lillian,Ramirez,l.ramirez32@outlook.com,Onaway
EENJBTUXVS6W54244,Justin,Bryant,justin@aol.com,Melrose
9SN8Y1Y9HLNG36919,Courtney,Perez,courtney_perez@aol.com,Eastchester
1A7ZV6ELH83U68827,Daniel,Alexander,daniel.l@gmail.com,Parkin
9PT59K2GTU7T20038,Laura,Evans,l.r.evans@outlook.com,Blocksburg
3RTV7YZRHUXK74758,Aubrey,Watson,aubrey_n_watson@outlook.com,Minneapolis
CAT9DL5PB16F26756,Melissa,Wilson,melissa@hotmail.com,Des Moines
2N918RLX8UAX32378,Sophia,Howard,sophia34@yahoo.com,Rochester
JVENHPYNM9DP55602,Ethan,Howard,e.howard@ymail.com,Pilger
946UBBV60R4N20014,Layla,Parker,l_i31@outlook.com,Colony
4F5SCN1JSMYF14619,Zachary,Garcia,z_d_garcia20@rocketmail.com,Philadelphia
ZY9GCWGW6XKU30840,David,Garcia,dagarcia@yahoo.com,Hinsdale
BEV68MWKTCLY47601,Gabriel,Morgan,gabriel_morgan@hotmail.com,Harrisburg
UZP7ZZA6UEA123204,Theodore,Walker,t.walker@live.com,Shubert
DRGNW9SK9YW986030,Abigail,James,a_james@yahoo.com,Faxon
8EXZE8XRSKTH06137,Christopher,Butler,cbutler@ymail.com,Crescent City
NH0K6J62GAAP70609,Eleanor,Lee,eleanor_a_lee@ymail.com,Monsey
FMAWY5SMHCWS05500,Austin,Griffin,austin.griffin@ymail.com,Huntington
5KEAGL4TG4X886757,Robert,Butler,robert_eugene_butler@live.com,Wayne
CF0SSDYHNB6802940,Jose,Anderson,j_anderson@ymail.com,Eureka
RHA4KVZZTPS583164,Emily,Lee,emilylee97@gmail.com,Byrnedale
2HLAR3BAMM4H18510,Samantha,Kelly,samantha.dawn.kelly@outlook.com,San Jose
HP2U3ARFBVNC55534,Nathan,Rogers,nrogers@hotmail.com,Franklin
N2BXH4T0MGCR10431,Emily,Moore,emoore@rocketmail.com,Gardnerville
V5PYYGJJ56SM19796,Elizabeth,Perez,elizabeth@hotmail.com,Fort Ransom
2WW7GAL519RL71692,Abigail,Morgan,a.morgan@live.com,Saint Petersburg
UXZ7ATY21BRP28049,Sebastian,Henderson,s.henderson50@live.com,Pell Lake
9CG7VGTZ7R4615767,Brian,Baker,briancbaker@yahoo.com,Baltimore
5AH6YVPDMFLP35845,Henry,Allen,h.allen@yahoo.com,Tampa
U20E3BZUBDMH79340,Kaitlyn,Robinson,k_m_robinson@ymail.com,Lillie
79G2UZKAHAU311150,Ethan,Nelson,e_m_nelson20@rocketmail.com,Memphis
AWAACAYR2TP895739,Nicholas,Scott,nicholashscott@rocketmail.com,Avon Park
C5WG3YZPFJ2450923,Austin,Moore,a.moore@aol.com,Kingsford Heights
T6MNFDTU2TY526823,Aaron,Green,aarongreen@yahoo.com,Leroy
DKVW8PM89LP143268,Emma,Thomas,e.d.thomas43@hotmail.com,Saint Louis
U752VU2AZ6GX42084,Kimberly,Hill,kimberly_m_hill@aol.com,Aumsville
4R8U7SD5Y16V30982,Alexandra,Bailey,a.r.bailey@outlook.com,Mount Cory
A6A17JE16W8745746,Justin,Miller,justinmiller@yahoo.com,Hillsdale
H8SHNM03Z6YB61636,Jessica,Brooks,jessica.brooks@rocketmail.com,Chicago
0WEZEJPXK6N159457,Nicole,Martinez,n_martinez@gmail.com,Bridgeton
H8VKT3A21TFL14983,Nicholas,Allen,nicholas.allen@hotmail.com,Rome
Y6EJMPX19YEW04557,Katherine,Patterson,kpatterson@hotmail.com,Slater
HN423YF4WTLE06380,Allison,Ward,allison_ward@live.com,Sparta
LWX7NGBGDP6G54830,Steven,Baker,steven_j@yahoo.com,Wingate
FS349E6NTRK838545,Charles,Allen,c.a.allen@outlook.com,Freedom
KY84PWTURDY848957,Kaitlyn,Ward,kaitlyn.may.ward@rocketmail.com,Hawley
41E5N6C0E0Z217300,Oliver,Flores,oliver@ymail.com,Toledo
RNNRD71H0THD32219,Claire,Ward,c.l.ward@rocketmail.com,Valdosta
ZUPG4ZRUBPKD20898,Robert,Walker,rwalker@aol.com,Greenbelt
GVECE6PC0CEX98562,Justin,Cox,justin_l_cox35@aol.com,Mud Butte
HUUT8EZYZA4V33582,Anthony,Ramirez,anthony@outlook.com,Londonderry
TE08F123L6NH37336,Dylan,Cooper,dacooper@hotmail.com,Herod
W14D6Z3FZPY081550,Tyler,Ramirez,t_ramirez@ymail.com,Hesston
8AG18D8ERBW431557,Hannah,Martin,hannah64@ymail.com,Nordheim
LGUYV8LXNPAB74214,Brianna,Watson,briannareneewatson63@aol.com,West Berlin
2WCKLXGVU1H812479,Olivia,Simmons,osimmons@ymail.com,Le Roy
31XHK68SKP5M99527,Rebecca,Williams,rebeccam@hotmail.com,Otis
WLH965SS50P178807,Thomas,Alexander,thomasalexander26@outlook.com,Paso Robles
BYKWSE5SJR9N39934,Julian,Perez,julian.perez@live.com,Kansas City
9CRD1XBNLAXN12564,Dylan,Davis,de11@aol.com,Lakewood
UCV6XN2D3DJF02667,Jose,Torres,jtorres@hotmail.com,El Paso
D90S4VEFSC8C84931,Alyssa,Hall,ahall@yahoo.com,Valdosta
VZFCSHTKVWX085456,Kimberly,Brown,kimberly_m_brown83@outlook.com,Oswego
JG3LSJWLCC0F75791,Theodore,Miller,theodore_j@hotmail.com,Nunapitchuk
THC47V4X5NDM58768,Theodore,Watson,theodore@ymail.com,Putnam
C3715JC1EV3A97241,Eric,Butler,e.j.butler@rocketmail.com,Palo Pinto
7ZAPL7Z8B92078756,Andrew,Brooks,ambrooks@ymail.com,Mobile
JV9L4474BFF680013,Austin,Griffin,a_griffin16@aol.com,Ellington
H7TR03GSLEFP06654,Jessica,Taylor,jessica.ann.taylor@yahoo.com,Los Angeles
73EZKXWC92MR69183,Nicole,Ramirez,nramirez@ymail.com,Dement
7TUU1AUK029342953,Tyler,Ross,t.f.ross@outlook.com,Los Angeles
6JG9ZR2XHZAR10323,Owen,Patterson,opatterson99@hotmail.com,Wagram
JF0RB9JSKV8V28296,Oliver,Washington,o_washington@gmail.com,Boynton Beach
BCC011FRJJ1K62954,Jeremy,Patterson,jeremyepatterson@gmail.com,Gulf
PZW3XA6PD27D82008,Rachel,Garcia,r_l_garcia@gmail.com,Lyman
22EPDZS5ELKL21858,Richard,Garcia,rgarcia@hotmail.com,Newport Beach
AVLP224PF7NE26728,Emily,Martin,e.e.martin@live.com,Vail
CATP580SA0XB53504,Tyler,Nelson,tylernelson@gmail.com,Camden
081YDF6EUVT485941,Eleanor,Wright,eleanor.wright@ymail.com,Billingsley
P1FHLHZEKDE266180,Richard,Anderson,r_anderson@gmail.com,Mooreton
989SGAFD5VUB66342,Amelia,Russell,amelia.m@ymail.com,Lebanon
Y37SVA03PTPV53330,Sebastian,Perez,sebastian_g_perez@outlook.com,Buras
WFA10GB273GY22402,Zachary,Cook,zachary.e.cook@ymail.com,Westport
ZP7E05S43BUA64388,Ethan,Stewart,e.d.stewart@ymail.com,Twig
XS800UH9CJPR25932,Sean,Washington,sean@rocketmail.com,Phoenix
C520X7ZG4TDE20454,Sarah,Morris,smmorris@rocketmail.com,Tangier
R3R5J5AJD36Z23005,Owen,Rivera,owrivera@yahoo.com,Houston
0XB51Y73XZTR93187,Timothy,Murphy,t_f_murphy56@aol.com,Rockford
1RXVAV5VS3L401423,Sofia,Price,sofia.price@rocketmail.com,Days Creek
KH7SDFD545ZB21611,Samuel,Kelly,sa18@ymail.com,Flushing
J46VRT9SCRHR21264,Charlotte,Green,c.l.green@hotmail.com,Coleman Falls
02ET114WNYU250461,Amanda,Thomas,amanda.thomas16@hotmail.com,Waldoboro
0CTUU1GV2T6658637,Kaitlyn,Ramirez,kaitlynkayramirez36@hotmail.com,Fort Buchanan
LGM0WUNJXUEC16850,Richard,Clark,richardclark@aol.com,Meriden
HZ21BXCL7VC919999,Ava,Smith,a_l95@ymail.com,Hazel Hurst
FHYTGN4VVUC937974,David,Johnson,david_john_johnson@aol.com,Nardin
WJAXSDN2JPDM63503,Sara,Ross,sara_renee@outlook.com,Toledo
SLYGCM07U1AH93675,Taylor,Adams,tayloradams@yahoo.com,Maple City
R7GY5Y7ZDKBE15147,Austin,Wood,awood@yahoo.com,Charlton
4BXXEY9CZFGV85041,Lillian,Rivera,lillian_rivera@yahoo.com,D'Iberville
7GR519B84PH595433,Brian,Howard,bhoward@outlook.com,Harrisonburg
XTEUCPG4ESCU22728,Nicholas,Gray,nicholaswgray@gmail.com,Simpson
1Y5JCLXUY9N363338,Isabella,Phillips,i.phillips@rocketmail.com,Christiansted
RTXNZ7M5CA4U22846,Kyle,Hill,kylefhill@aol.com,Dallas
49MYZ2Z3VDDH87693,Layla,James,l.d.james@rocketmail.com,Amarillo
8FC3FUA0M42P66172,Austin,Anderson,afanderson@live.com,Hellertown
X8PL63GYE59F14789,Natalie,Evans,n.m@aol.com,Canoga Park
EB9T6CGPTXSZ90553,Dylan,Kelly,d_s_kelly@aol.com,Cohasset
PHVA66XAZC6K80630,Jeremy,Davis,jeremy.davis@ymail.com,Cottage Grove
AYJZ6WR1JUX644602,Katherine,Hughes,k.hughes@live.com,Crescent Valley
6DC4YJDUHALH46983,Aiden,King,aiden_king79@aol.com,Morgantown
BW42L354G99862696,Jeremy,Bell,jeremy@gmail.com,Indian Rocks Beach
2LBD6S26ZCMH21878,Benjamin,Parker,b.f.parker@aol.com,Merrifield
N3RKFJDUG6M270653,Courtney,Washington,courtneyrosewashington@ymail.com,Metz
0ZH1E8LUXU1J51002,Anthony,Torres,anthonyallentorres50@gmail.com,Plano
JUWDV1PRRJW042789,Elizabeth,Martinez,elizabethmartinez@hotmail.com,Philadelphia
1L0GSJ03CF7J29069,Tyler,King,tyleraking@yahoo.com,San Miguel
61DW63883A5S31664,Richard,Brooks,r.a@gmail.com,Edenville
4NGA7B587V9X58328,John,Martinez,j_e_martinez@live.com,Thomasville
VT93RJ73T4FE80083,Alexandra,Morgan,alexandra.morgan@ymail.com,Coolidge
033HR27WT2U282962,Laura,Evans,l_e_evans@outlook.com,Phoenix
6U6M0JNCRWBP09713,James,Ramirez,j_ramirez80@yahoo.com,Tulsa
6BENDDB1PV7X47463,Jonathan,Scott,jonathanscott@ymail.com,Riverbank
THE1ZNNCAA8W14486,Evelyn,Allen,emallen@live.com,Maysville
M9H1G4Z86B3456950,Adam,Edwards,adam.edwards@live.com,Stoutsville
3W6YAXW8S5K250700,Henry,Washington,h_j_washington@aol.com,Cortland
164W7H6HW9KL27600,Kayla,Stewart,k.r@yahoo.com,Kerkhoven
VXV6C4GH08G839344,Adam,Morgan,a_morgan@live.com,Paden City
1G1HYE63V64E92382,Jennifer,Stewart,j.m@hotmail.com,Acme
VR965G15ED7W64422,Sarah,Brown,sarah_kay@ymail.com,Parlin
U9VJNRX7EJR881357,James,Morris,jmorris54@gmail.com,Ferguson
7C62RK0GP3GZ27286,Rebecca,Collins,rebecca.collins75@live.com,Forsan
3BKJJEDR2K1Y55332,Kaitlyn,Jackson,kaitlynrosejackson@rocketmail.com,Purcell
3C8A0YKWC9ZJ86569,Jose,Allen,jose@hotmail.com,Napier
USL3LKTSN3WZ38222,Steven,Green,s_green@gmail.com,Crum
BSM60FWDJ6JX25450,Jennifer,James,jjames47@yahoo.com,Mount Holly
XCC6M4DZTXTV88662,Sebastian,Howard,sebastian.howard@yahoo.com,Fishersville
RURFR6HVT2RU21415,Evelyn,Mitchell,e.mitchell@yahoo.com,Redmon
YGBM18Y5YTS904594,Olivia,Phillips,oliviaphillips@yahoo.com,Alba
C8ME9EF8BHCZ68867,Kaitlyn,Perry,k_perry@live.com,Aurora
0JMZW4Y7EDHM76334,Audrey,Roberts,amroberts91@hotmail.com,Macomb
EH2ZNYWRB36A71516,Daniel,Alexander,daniel@gmail.com,Verona
XL08UAAS0HGW44930,Christina,Mitchell,christinamitchell@rocketmail.com,Waverley
L6855MCA0SHM63125,Sarah,Kelly,sarah.kelly@yahoo.com,Washington
9C5N0Y9EJE2K49604,Claire,Adams,claire_m_adams@gmail.com,New Market
65538SV9XT3E50981,Charles,Martin,charles.martin@outlook.com,Owanka
HFSV0PS5M8N042556,Owen,Green,owen@hotmail.com,Uriah
MN70RX8NY9E139650,Nicholas,Jackson,nicholasjackson@ymail.com,Dayton
KKSHGE00YXRL43956,Tiffany,Davis,tiffany_davis@live.com,Fort Wainwright
UANBHYNP9PNV45288,Zachary,Carter,z_a_carter10@ymail.com,Sioux Falls
4PYFMJ8V2LVU83519,Brian,Thompson,brian.thompson@ymail.com,Jacksonville
1VJZNT2P5NPV20827,Amelia,Miller,a.m.miller@outlook.com,La Barge
78259BDNN4BN87286,Allison,Wood,awood@gmail.com,Bulverde
0YBWF4HLAEW482899,Richard,Flores,richardflores80@outlook.com,Aledo
3VSCMK4HXVWS04883,Elizabeth,Adams,elizabeth_r_adams@outlook.com,Little York
FV7LC7VEFK3Y51912,Jeremy,Anderson,jeremy.r.anderson28@outlook.com,Pittsburgh
6STP3LEFS0KJ20431,Sara,Howard,sara_howard71@ymail.com,Eccles
VHLY4HEGJ9EP04266,Anthony,Alexander,a_h@hotmail.com,Brighton
F50XVESXRSXG86700,Courtney,Rivera,courtney.rivera82@hotmail.com,East Berlin
97F0XWYJYSGC45699,Thomas,Henderson,t_d@ymail.com,Freeport
MXV9YV0RYPMG90447,Mark,Jackson,markdavidjackson@rocketmail.com,Crane
Z3WDE4ARE5YZ41878,Tiffany,Taylor,t_taylor@live.com,Cameron Mills
XEGMCX5MW1G016778,Benjamin,Davis,benjaminwdavis7@aol.com,American Fork
CFLYZ6REHXCU74377,Audrey,Ward,audreyward@ymail.com,Springfield
0ZGAVCYVG1PY05573,Rebecca,Griffin,r_l_griffin@live.com,Kingston
ATABP126RXW694453,Amber,Washington,awashington@ymail.com,Billings
UDFRSXNJKLX066569,Jasmine,Miller,jasmine.dawn.miller@hotmail.com,Seminole
09RC8MPVANCX71380,Victoria,Martin,v_l_martin@aol.com,Conway
MBKX3Y3YZSRG82950,Michael,Flores,mflores@live.com,Phoenix
2J24G8N7YNDK67857,Eleanor,Perez,e.d.perez@outlook.com,Rogers
D40PWXWEGC6W63626,Jose,Bell,jose.robert.bell@live.com,Kerens
ST2G1V4H4UM594306,Emily,Lopez,e_lopez@outlook.com,Gainesville
E9JFX08KE99Z03310,Aiden,Richardson,arichardson@hotmail.com,Crawfordsville
313C8B57XS4492501,Samuel,Scott,slscott@gmail.com,Sheffield
E9G03E74P1VA19361,Tyler,Hayes,tyler.scott.hayes86@hotmail.com,Heath
GDHY7TFBU7GE03529,Brianna,Stewart,b.m1@rocketmail.com,Paincourtville
D2G9S5YJSGP155091,Isabella,Rivera,i.rivera@yahoo.com,New York
WCM5Z8LUAGYS71856,Austin,Ward,austin_alexander_ward@rocketmail.com,Oklahoma City
V72PNFK8CHXB24682,Kyle,Bennett,kyle_anthony_bennett@outlook.com,Preston
0TGY7CSRYN9434501,Charles,Griffin,charles_w_griffin@gmail.com,Tamworth
0E9N25ZE1PB024824,Nathan,Howard,nathan_howard@ymail.com,Almena
LTZLV5ST4YYM55989,Dylan,Thompson,d_thompson@yahoo.com,Columbus
J5ERCDCJAKE894180,Ashley,Russell,ashley_renee79@rocketmail.com,Pataskala
WBZJFDKN7MFP71364,Sean,Sanders,s_j_sanders98@live.com,Hickman
RLVEFKF7DHL995358,Victoria,Mitchell,victoria.a.mitchell76@ymail.com,Old Ocean
2EE15TFZB3YX83310,Katherine,Diaz,katherine61@aol.com,Dana Point
KMSSRNK53HR661991,Timothy,Mitchell,timothymitchell@aol.com,Versailles
HB0TRXDN1T7C84715,Chelsea,Carter,chelsea_lou_carter@outlook.com,Mullen
HPD1M1UG8CGH01674,Samantha,Allen,samanthaf@yahoo.com,Fordland
EGHGDTAJR84G90539,James,Collins,jamescollins@yahoo.com,Palmetto
0VZDTCJA8GHK07977,Kayla,Evans,kaylaevans@live.com,Waco
T81AW8KT136E56838,Allison,Butler,arbutler@hotmail.com,Cassville
BGFJB0YH868Y97540,Isabella,Hill,isabella@aol.com,East Sandwich
2U4KGT2EGP7G97462,Samuel,Gray,samuel_gray@rocketmail.com,Coalport
4987HUJYYYFR53204,Steven,Rivera,stevenfrivera@outlook.com,Westford
61MP4NVMPH6E19996,Katherine,Nelson,katherine_lynn@live.com,Dover AFB
7VNUF6BX1SAW22332,Kimberly,Brooks,kimberly_brooks@yahoo.com,Vienna
VNTZNYS5PLUG61915,Rebecca,Nelson,r_nelson@yahoo.com,Haines
NDT60Z9JC7AR84117,Claire,Scott,cescott@aol.com,Marysville
P75YYGPKYAFF41911,Henry,Bell,henrybell96@rocketmail.com,Wortham
FMWM18U3P1MH09076,Courtney,Baker,courtney_lee_baker@ymail.com,Crestline
E6HEBB8V4Y3M60005,Joshua,Carter,joshuarichardcarter@outlook.com,North Wales
PRHB7GNDLDWN00342,Kyle,Hernandez,k_a_hernandez@outlook.com,Easton
8CJY70RTWFSX06766,Taylor,Turner,t.turner@rocketmail.com,Saltillo
CZB65N0LGJHD98707,Katherine,Davis,k.r.davis7@hotmail.com,Minneapolis
05W6PB91KJZM73147,Andrew,Martin,andrew.martin@yahoo.com,Thousand Oaks
BB1RCCAVC4P003687,Aiden,Green,aiden.henry.green@rocketmail.com,Arcade
SSHNZNBNETK043641,Isabella,Cooper,isabellarcooper@live.com,Niagara Falls
2YEC0KYKEVMN74285,Haley,Peterson,haleyannpeterson@aol.com,New Blaine
B4HYWBZ87CTK29122,Stephanie,Washington,s_washington@hotmail.com,Saline
29MH6WLFK0MD45852,Brianna,Hall,brianna.hall@aol.com,Cleveland
9HNZHSGXKT7C53109,Melissa,Evans,m_evans@gmail.com,North Bend
1BEWMRJSP5Z322656,Nicole,Coleman,ncoleman@ymail.com,Imogene
GC52JY1BT6YF72039,Oliver,Wright,oliver_matthew_wright@live.com,Sault Sainte Marie
3D3X6H3L7SBM20501,Charles,Morris,c.a.morris21@rocketmail.com,Saint Paul
051SMSEZNKEZ12588,Laura,Howard,lmhoward@gmail.com,Wallingford
MKH5V3UGCH5C74071,Jasmine,Edwards,jasmine_i_edwards@ymail.com,Sherrodsville
3DLYU3ZPBBJ568622,Evelyn,Cook,evelyn@hotmail.com,Blue Rapids
4C2P6WE6G59L13709,Anthony,Alexander,anthony_j_alexander42@gmail.com,Southside
0H4P3W10T1BG58202,Ashley,Morris,ashley_sue_morris@ymail.com,Schenectady
M3TDRVJAMP9M07795,Megan,Perez,mn@rocketmail.com,South Portland
ZR2LN3JF35B285421,Mateo,Hughes,m_hughes@gmail.com,San Diego
4PE8BBTAS4GY75183,Nathan,Alexander,nathan_francis@hotmail.com,Stilesville
CYGL2BA3RDJ562422,Aaron,Bennett,aaron_bennett@rocketmail.com,Hillburn
FB14TJ050PSY39331,Courtney,Lewis,courtneylynnlewis@outlook.com,New York
SPT7VMGKGPV518477,Natalie,Rodriguez,nataliemrodriguez@yahoo.com,Louisiana
WKF25TU2THYX51478,Natalie,Russell,natalieleerussell@aol.com,Roosevelt
NHZ3R12TEAP237893,Steven,Davis,steven.michael@aol.com,Indianapolis
GYR8T94YU5GT72410,Oliver,Garcia,olivergarcia@rocketmail.com,Greenway
EWDKJP7J7ZN598856,Benjamin,Garcia,bhgarcia@rocketmail.com,Norfolk
TFNUFSWA8FJ306639,Erin,Kelly,elkelly@outlook.com,Seattle
65BXC3HZD0HE95721,Alyssa,Perry,a.r.perry@gmail.com,Courtland
JYCFW3MRR16X78407,Abigail,Williams,a_r@aol.com,Bonnie
V3U2SES6ARY479830,Alexander,Rogers,alexander_e_rogers@gmail.com,Dallas
8UMGDD8X7WVS01227,Ryan,Bryant,ryan@gmail.com,Jamestown
Y218UK88YJB874877,Grace,Collins,grace.collins11@live.com,Frankfort
HWVDH6C7UEGY02525,Zachary,Wright,zachary_wright@live.com,Delphi Falls
EG5F62PKUS2T45740,Jasmine,Wright,j_wright@gmail.com,Frederick
GHSBX9UFPB8U74295,Ryan,Young,ryoung@live.com,Baltimore
89SPVCA6NJYX34282,Eric,Russell,e_russell@hotmail.com,Edenville
SGRS4NX9VNXV08396,Andrew,Davis,andrew.davis@outlook.com,Oshkosh
52GCX6C9H8VH98990,Christopher,Bennett,cdbennett@live.com,San Diego
NUR3DW6XHKNW52931,Maria,Collins,maria_jean@aol.com,Davidson
JU0194HWUPTZ12674,Grace,Phillips,grace@aol.com,Burbank
PNHJRDJATE3E22370,Samuel,Simmons,samueljsimmons63@rocketmail.com,Thornton
PUS0ED27WUNR62662,Aiden,Thomas,a.thomas@gmail.com,Baskett
VY4G7635S3YS53840,Brittany,Diaz,b.m.diaz@aol.com,Lake City
UVEH9NAA5VAM70715,Amelia,Scott,amelia_scott@gmail.com,Kempster
U8LHB1L4G5C240242,Mark,Hernandez,mhernandez@live.com,Onekama
A2JZYJ0ZUS3245467,Alyssa,Roberts,aroberts@live.com,Corona
1BWSFPHAVR7T58471,Maria,Gray,maria.gray92@ymail.com,Young America
GA2DVW9HLCSC94077,Mateo,Simmons,mateo_simmons@gmail.com,Ruby
2M4ZZ27T5HML01464,Amber,Lopez,amber.lopez@outlook.com,Lake Benton
8SZC4HC9Z3MS54981,Daniel,James,daniel.james@yahoo.com,Weston
BHBMHHAEPKDU40790,Anna,Long,a_long@hotmail.com,Saint Benedict
7TX8108E86HX07706,Emma,Wood,emmawood@yahoo.com,Bodfish
S0P9WL8PM2B766257,Owen,Rogers,orogers46@live.com,Conover
9TKY502VA04C13267,Danielle,Collins,drcollins91@aol.com,Sioux City
GSY4SWC5NHLG29819,Michelle,Miller,m.l.miller@gmail.com,Odin
EP7ZPTG2MVN733849,Isabella,Hill,isabella.hill@ymail.com,Whitewater
N0YGVXE80UFG64207,Benjamin,Garcia,bgarcia@ymail.com,Goshen
RVC77MN18TJC66776,Jeremy,Diaz,j_a_diaz@hotmail.com,Port O Connor
0GH1SZG05G0F36231,Courtney,Alexander,courtney.grace@outlook.com,Raleigh
HRXP8CYNA3EB74414,Timothy,King,tking62@ymail.com,Cottonwood
NXS5RYFY52HV78441,Olivia,Adams,o.adams@yahoo.com,Port Hueneme
XH3AE8GUHSE121638,Samantha,Hall,samantha.l.hall@aol.com,Mount Pleasant
04185K8VL21786543,Steven,Harris,s_m_harris94@aol.com,Valley Park
DC3Z4TT3106420275,Joshua,Cook,j.j.cook79@ymail.com,Spokane
Y6Y2A5ULW47935984,Amanda,Hughes,a.a.hughes@live.com,Marshall
65UNZJRF8NEV17553,Isaac,Ross,imross@outlook.com,Ravenna
52TE2H38BDYV75292,Aaron,Watson,awatson@live.com,Emden
DB3UVYEJ6K6T42459,Timothy,Green,t_a_green89@rocketmail.com,Red Level
AA3KRLJS61RT41963,Ava,Hughes,a.hughes14@live.com,Atlanta
C2TW9A8KLMR806078,Adam,Jenkins,a_jenkins@hotmail.com,Hollandale
K0ZTR01PC8P072614,Haley,Adams,hadams34@live.com,Rothbury
FYNC469BUW0F75267,Justin,Stewart,j_stewart@aol.com,Latham
Z4B790MM26MU27069,Jose,Parker,josewilliamparker@rocketmail.com,Newman
H14EV4CS4B4H21915,Emma,Edwards,emma@rocketmail.com,Mirando City
M9XM96AXA3MM01830,Heather,Bailey,heatherbailey@gmail.com,Corvallis
VUHCN02YGGFH17769,Grace,Price,g_m_price68@live.com,Kenova
YS8H5L7W09SA08591,Katherine,Russell,katherine_russell@yahoo.com,Milford
V1NBPKRNWT5K06611,Timothy,Hall,t.h.hall@aol.com,Strunk
A6VWJDM5H8EX97368,Taylor,Henderson,taylorhenderson@hotmail.com,Los Angeles
180YBGDYMKGX42445,Oliver,Harris,o_harris@outlook.com,Scranton
SCKRA855ZJDN47168,Olivia,Turner,o_l31@yahoo.com,Delray Beach
F0RXD8XDYVAU86217,Owen,Gray,owen.gray@ymail.com,Alfred
SAR5XWNYG8J422834,Rachel,Flores,rflores@gmail.com,Dallas
JBW6EVXBFU6241497,Ashley,Martin,ashleymartin25@aol.com,Arlington
WC89WNS6UVHL96140,Claire,Hernandez,claire.e@yahoo.com,Stilwell
ERUFY0PEY9ZD48880,Ashley,Hughes,ashley_m_hughes@gmail.com,Story
DF09CT9VBW5J66077,Michael,Rogers,michael_joseph_rogers@rocketmail.com,Wilmington
R82E2DXCA47Y24045,Samantha,Wilson,samantha_m_wilson83@gmail.com,Nichols
3VV3EN3BFN1T41811,Allison,Bennett,a.i.bennett@aol.com,South Effingham
ZKJ3AWR6TG9B80310,Jose,Barnes,josewbarnes8@rocketmail.com,Schriever
MX927DDUPUBU57324,Taylor,Torres,taylor.l.torres@rocketmail.com,Pinehurst
PLFWZNE4WC4580203,Jose,White,jose_white81@outlook.com,Lake Winola
FVRHF1KV8HF940406,Steven,Hall,steven.a.hall@yahoo.com,Dover
CGS2DUKZ02FM56110,Jennifer,Smith,jennifermsmith@live.com,Bartonsville
UKMG707CJEU993029,Isabella,Sanders,i.sanders@yahoo.com,Guilderland Center
SNW3FBV2ZT6P29051,Taylor,Cook,taylormaycook@aol.com,Springfield
8GXB7W8X4GPT74548,Jeremy,Miller,jeremy.james.miller@live.com,Dayton
E30C0G2D2G4325384,Audrey,Griffin,a_griffin@gmail.com,Aliceville
TWE2NZBT29XU38303,William,Gonzales,wgonzales@ymail.com,San Mateo
NV746S1C12EU77523,Jasmine,Barnes,jasmine_i@gmail.com,Lawrenceville
953RSCAXEH6N78608,Taylor,Henderson,t.m@gmail.com,Colonial Heights
Y3D73SYNWYZF62532,Claire,Robinson,claire_robinson23@ymail.com,Canal Fulton
4V8RUGSKPCEY81741,Christina,Long,c_r_long@gmail.com,Parkland
HKWPFBZSTNY170776,Kaitlyn,Patterson,k_r_patterson@hotmail.com,Wickhaven
HEYGUD01XBD047401,Katherine,Jenkins,k_jenkins@ymail.com,Lorida
RHHDCLBBRBSL90240,Alexis,Walker,alexis@gmail.com,Browns
TXWSDHBKUGR589449,Jessica,Nelson,j.nelson@outlook.com,Las Vegas
PGYPACLZN8L420297,Nicholas,Roberts,n.j.roberts@rocketmail.com,Des Moines
ATNP0AGMSDAR34626,Kimberly,Thompson,kimberly_thompson@rocketmail.com,Poth
UTV0S01UVVUR33840,Alexis,Sanders,a.g.sanders@gmail.com,Sycamore Valley
3E9GVDZWTD1A94475,Katherine,Wood,katherine_wood@aol.com,Youngstown
4X3PDX11KGC470506,Henry,Robinson,h.robinson@outlook.com,Santa Cruz
PE4ZD58865DR31592,Jessica,Lopez,j_lopez@ymail.com,Fox Island
0MP26ML43HPJ94796,Sean,Long,seanjlong93@rocketmail.com,Troutman
SV9L32CZYFD176494,Alyssa,Bennett,a.a@gmail.com,Romney
H43VPBAZXJP365310,Alexis,Scott,alexis_irene_scott68@live.com,Willow Grove
1BRD4XXJGBVA90147,Dylan,Gonzales,d_gonzales@yahoo.com,Brule
K9G3A63XFC8M43595,Rebecca,Green,rsgreen@live.com,California
MGRF2WEY4Z1421604,Brittany,Brown,b_a_brown@yahoo.com,Saint Louis
7NK9KA3WFKRG84442,David,Long,davidjlong66@aol.com,Lyon Mountain
4H57EG5V6XK693847,Emma,Gonzales,egonzales@hotmail.com,Thomasboro
S2P277GY2CF643410,Audrey,Alexander,audrey@gmail.com,Santa Rosa
LL7WB5RVYF5A85508,Julian,Rogers,j_rogers4@ymail.com,Spring Hill
4HJ0SM1D566838315,Joshua,Richardson,joshua_edward_richardson@hotmail.com,Lexington
YVPBFPSF05LW36798,Joshua,Jones,j.r.jones@hotmail.com,Plumville
TFCXLG3RLU7V39337,Melissa,Moore,m_moore@hotmail.com,Jacksonville
WSSG04V34T0801868,Allison,Peterson,allison_peterson@aol.com,Mill Shoals
18YX3JH9U3BV08101,Brianna,Kelly,brianna.kelly@gmail.com,Gregory
RUYV27EVC6GB47857,Ava,Edwards,avaeedwards@rocketmail.com,Warbranch
VNZ82JJX88BR28948,Alyssa,Torres,alyssatorres@aol.com,Marysville
AUXANZFN5X1W63728,Brianna,Bell,brianna_m_bell@gmail.com,Rozel
A7TFE3E4GSD541692,Emily,Hill,emilyghill@outlook.com,Nampa
FFF3HN0R9RM447105,Owen,Ramirez,owen.s.ramirez@gmail.com,Henderson
8226YYG2YFDN10349,Anna,James,a.m.james@outlook.com,Eatonville
8MMHUCPXHJLU58801,Emily,Nelson,emily@live.com,Ira
EX3R57USTWWE58962,Victoria,Morgan,victoria_morgan@aol.com,Paola
PUULLCAES33C40752,Kelsey,Sanchez,ksanchez@rocketmail.com,Ouaquaga
67ZR4E3B1X5651701,Charlotte,Torres,charlotte_torres@gmail.com,Richvale
NFJR9PUKNS0U04389,Steven,Flores,s_flores@rocketmail.com,Pinto
YFWNE2Y27ABL44922,Alexis,Davis,alexisdavis@live.com,Fairport
29PK2N2H5ZAH93891,Courtney,Peterson,cpeterson@live.com,Raymond
6RFN43L4X5RH27498,James,Simmons,j.simmons15@ymail.com,La Russell
J6SAUP2LTM9H40507,Alyssa,Walker,alyssa.rose@yahoo.com,Saint Elizabeth
XT53ABE2HFGL65922,Stephen,Price,s_e_price@gmail.com,Saint James
S35RW1A5UC7B41081,Timothy,Washington,t.washington11@aol.com,Gleason
U9VKYAN211P359698,Theodore,Rogers,t.w.rogers@gmail.com,Durango
G5ZD50VCXK9021514,Joshua,Jones,joshua.j.jones58@yahoo.com,Wilmington
WN87A90SHR3W79085,Rebecca,Taylor,r_m_taylor@hotmail.com,Deweese
WEY7F7UAGGLZ93582,Jonathan,Johnson,jonathan_e_johnson@gmail.com,Onemo
U8SMR3L4REFX71618,Gabriel,Powell,gabriel.charles.powell58@gmail.com,Fairview
EHKA6F35A6P422340,Courtney,Rodriguez,courtney.rodriguez@aol.com,New London
VSUZDVARXBUN80879,Brianna,Adams,brianna7@hotmail.com,Washington
TTCHDRWEVEA843792,Julian,Moore,j.moore@gmail.com,Bellville
2XPTDP5KGV0E04815,Zachary,Evans,zachary_anthony_evans@live.com,Edwards
86EV02LLYU8913172,Richard,Collins,rcollins13@outlook.com,Grass Lake
567SCRGT252826853,Samantha,Perry,slperry@rocketmail.com,Pikeville
32JAB69THK8D96344,Charles,Price,caprice@rocketmail.com,Fingerville
7B6PKDJF3DCG64416,Ethan,Johnson,ethan_johnson@yahoo.com,Glencoe
FVCK49Y98XYE10792,Amber,Perez,aperez@hotmail.com,Franklin
5U74Y3L5606474880,Taylor,Allen,taylormichelleallen@aol.com,Ogden
WVSPN7CWZ18232845,Tiffany,Washington,t.washington@ymail.com,Gainesville
XPU8S6LR4EGP68666,Grace,Wood,grace_wood96@outlook.com,Bellingham
H149BKFRTU6631700,Jose,Bryant,j_a_bryant43@rocketmail.com,Perry
TVV4828LND9S68241,Alyssa,Jackson,alyssa.i.jackson@ymail.com,Apple Valley
RYCB2PEGEKV525126,Elizabeth,Price,elizabeth.ann51@rocketmail.com,Panama City Beach
ZLUR1GJLYXVL53585,David,Carter,decarter@rocketmail.com,Summers
7DNPGJUS4VKJ83818,Samuel,Wood,swood@gmail.com,Oklahoma City
94DJCN8NTC5X31730,Justin,Allen,justind@live.com,Richland
6DPC9Y7WHRAV39162,Thomas,Lewis,t_lewis@rocketmail.com,Pomfret
KK4JEP5M4D7374008,Alyssa,Clark,alyssa.clark@ymail.com,Oak Hill
ZRGBZNXHGG8X28452,Michelle,Simmons,michelle.a.simmons20@gmail.com,Oakland
NBWNYMV96TF266739,Emily,Moore,emily_m_moore@rocketmail.com,El Paso
Y8MGC6JTNXR291964,Natalie,Sanchez,natalie.sanchez80@yahoo.com,Bayville
9B19R2ZCV61059525,Heather,Sanchez,heathersue@gmail.com,Princeton
63V7VRD4HCX625580,Kevin,Bell,kbell@hotmail.com,Railroad
HJNYY5VU641W85962,Daniel,Hayes,danielcharleshayes@gmail.com,Marble Canyon
2AKZNYML10FS06364,Aubrey,Taylor,aubrey.r.taylor@live.com,Kiln
TH36LR3CZX2X11580,Brandon,Collins,brandonanthonycollins@hotmail.com,Boston
JFH7EEZZG69386092,Alyssa,Parker,alyssagparker53@live.com,Hollywood
3F3HFNEV595543876,John,Brooks,john_brooks@outlook.com,Weir
HFR28C8WHL2N92545,Justin,Johnson,jjohnson@yahoo.com,Auburndale
1URN6F75MBHD18171,Sebastian,Edwards,s.e.edwards@live.com,Pageland
MLF59ZPDFWDE69638,Christina,Morris,christina.morris@rocketmail.com,Thiells
5PUZ3FP7FL1836026,Laura,Wood,lwood@ymail.com,Pima
9D7DNZ0XXFCS33034,Isabella,Roberts,isabellaroberts55@live.com,Las Marias
FTR3EC6AKGV850722,Nicholas,Stewart,nicholas_stewart@live.com,Bronx
FYJM6HMZ2BGH54550,John,Roberts,john.roberts@aol.com,Groton
4JYNDXXRJ5H871051,Lauren,Ward,laurenward11@aol.com,West Palm Beach
HJ7PZ4A387TL15198,Sean,Flores,s_e@rocketmail.com,Pearcy
6BVP6SL2HZBJ17763,Michael,Butler,michael_d_butler@hotmail.com,Shamokin Dam
UDERXU2TTURZ29139,Jasmine,King,jasmine.king@gmail.com,Conway
HF6EA43D6Y7Z81671,Claire,Flores,claire_mae_flores@gmail.com,Mulberry
91BM2G0LCG6522595,David,Collins,david.collins@ymail.com,Kincheloe
B01ZAC3JFDBJ79631,Lillian,Rodriguez,l.rodriguez@ymail.com,Lake Elsinore
WV6UZ23DG8BS69311,Stephanie,Murphy,stephaniemurphy@ymail.com,Hillside
UDRK1ZH9FS8G27166,John,Rodriguez,jrodriguez@live.com,Fannin
3WY5FGE2LN0X67765,Danielle,Miller,d_g_miller@hotmail.com,Webb
869M9F5YYEM858360,Alexandra,Simmons,a.l.simmons@ymail.com,Frankfort
S4N84DZJUS2C84929,Kaitlyn,Martinez,kaitlyn_martinez20@ymail.com,Glendale
UKLZ5CXF8HG509722,Mark,Martin,md@yahoo.com,East Waterford
E01FFWZ9GGW928837,Jose,Phillips,j_phillips@ymail.com,Upper Marlboro
3ZLN1YRLEJ5K57412,Laura,White,laurawhite@live.com,Fort Valley
UK9XRUSWKLFW13934,Ava,Mitchell,a_r_mitchell50@hotmail.com,Valley Forge
W14E2TUDXMVX25727,Jose,Davis,j.davis61@yahoo.com,Elk Rapids
NNHS4FZBA8X181288,Thomas,Butler,thomasandrewbutler@live.com,Davis
T4N3K86TX1KE70343,Mary,Alexander,mary_alexander@aol.com,Fountain Green
GRU8RAU2LJJT61721,Zachary,Rodriguez,z.a.rodriguez@gmail.com,Macksburg
9BABZDKZRM2K84716,Julian,Anderson,julian@outlook.com,Newmanstown
09GLE468ZE5N04966,Christina,Murphy,christinamurphy@outlook.com,Fortuna
GZWTH31T61WK55899,Benjamin,Bennett,benjamin.bennett@rocketmail.com,Stoneham
FWD74H2EBM3A35899,Mary,Jones,mmjones@gmail.com,Hickman
LTX40N0F7B1Z98720,Brian,Williams,brian@yahoo.com,Covington
8A12W9PRU1JU54388,Sophia,Perez,sophia.perez@rocketmail.com,Bettendorf
L1U3VXY43W6F85006,Emma,Martin,emma_martin@aol.com,Sumner
8GK4Y1KCXWGB09972,Jennifer,Sanders,jsanders43@aol.com,Arthur City
CF5E8DCSTVPE45626,Theodore,King,t_a_king@rocketmail.com,Springer
FX7TVX578TWA46884,Sarah,Flores,s.d.flores@yahoo.com,Sand Springs
348PFUDGWC8P77896,William,Lee,wlee@ymail.com,Oberlin
HGBG86A19PGT33612,Heather,Morris,heather.morris@outlook.com,San Francisco
19K90SNDCFMY67101,Amber,Flores,a_f_flores@hotmail.com,Auxvasse
DD772S8SALT870941,Matthew,Russell,matthewlrussell84@yahoo.com,Ulm
T4P6NFBKJ4WF55725,Danielle,Diaz,d.r@gmail.com,Longview
T2FPYEYBMMGF10759,William,Walker,williamwalker44@aol.com,Summit
CCSSF3X6MFC096225,Alexis,Garcia,a_m_garcia@aol.com,Chester
XNNCW6EAWMRY36229,Nathan,Ross,n.ross74@rocketmail.com,Bluff Springs
L01L63PY4YJE54466,Mary,Ross,m.ross@rocketmail.com,Coila
YFY5T16RXHMA09505,Layla,Hernandez,layla.ruth@gmail.com,Greenwich
EF3PVMFW0F7K57004,Zachary,Jackson,zachary_c_jackson80@live.com,Trumbull
BLCWG6LKUNYB05913,Rebecca,Reed,rebecca_sue_reed@rocketmail.com,Rillton
8RCMWTT127M023585,Ryan,Long,ryan.long@live.com,Lowell
LSLTA3HEZW1Y97180,Patrick,Martinez,pdmartinez@ymail.com,Melville
TTS5MZKVA7C598409,Kimberly,Bell,kimberly@aol.com,Collbran
1PCNKREHXE2454389,Jack,White,j_d_white86@aol.com,Plano
V4N45KXLF4K054014,Hannah,Hayes,hhayes@hotmail.com,Loudon
K36ESGEP2NRS50758,Sarah,Phillips,sarahfaithphillips@gmail.com,Shreveport
GH409JC60LWJ26394,Isabella,Adams,isabella_adams@aol.com,Orient
4UC155T4H7MM33909,Emma,Mitchell,emmajmitchell@hotmail.com,Camarillo
M9MKC00XHBBB79627,Erin,Martin,e_i_martin@live.com,Miami
95XSCFDTKUKV62734,Nicole,Long,nicole_long@hotmail.com,Burnside
EGYN2V81TTS749494,Sophia,Howard,s_l_howard@gmail.com,Santa Clara
S6ME9NTHAT9U69833,Benjamin,Lee,blee@gmail.com,Bowmanstown
BHGJJHL4JLBL69167,Kayla,Miller,kmiller@gmail.com,Erie
UEM7GRPDRPW146509,Tyler,Cooper,tyler_t_cooper89@yahoo.com,Orem
CPJDC9V06JPH82803,Robert,Taylor,robert_lee_taylor81@ymail.com,Stratford
0GK45LHCB9A164241,Jack,Gonzales,j.e.gonzales@ymail.com,Crofton
F3RDJT67VJ2E82147,Emily,Peterson,ejpeterson@live.com,Newport
9Z86WFKSXD9M27391,Emily,Rogers,e_r_rogers@live.com,Hartshorne
PM9TRGV08L8P33779,Brandon,Hughes,brandon@hotmail.com,Swedesburg
BBAR4G6ZMDXM59625,Kaitlyn,Cooper,k_r_cooper@outlook.com,Richmond
RB6Z20G47YR204112,Hannah,Evans,h.n.evans@hotmail.com,Jersey City
93UG1DLCFKA622874,Steven,Foster,sfoster@live.com,Hayward
N5B5JLKRSYKP92613,Olivia,Davis,olivia.jean@ymail.com,Crystal River
E5YZK8SXFF9545104,Ryan,Bell,r_w_bell@gmail.com,Neffs
NVR92HUTN5SS12236,Richard,Cook,richard_scott_cook@ymail.com,Seattle
8NNTAG59R1AN50804,Julian,Smith,julian.charles.smith@ymail.com,Federal Way
12UBUB3PF88Z20548,Steven,Lee,s_lee@yahoo.com,Berthold
B1CKPADM4EDS93351,Christina,Brooks,christina_elizabeth_brooks23@outlook.com,Honey Grove
6XGY8B91T45858637,Jessica,Baker,jessicabaker@hotmail.com,Jerome
FT6KHPA3AUPT52651,Danielle,Hayes,danielleelizabethhayes26@rocketmail.com,Washington
DW6J1GJTYK2M89686,Isaac,Adams,iaadams46@hotmail.com,North Myrtle Beach
AB5AK4Y082U227750,Lillian,Rogers,l.rogers62@yahoo.com,San Jose
7DB6GJ6859ZL28606,Christina,Brown,christina.r.brown@hotmail.com,Milwaukee
CLX7RBFES1FM06066,Patrick,Barnes,pbarnes@live.com,Afton
TUN9EENJDWL761185,Amelia,Jones,amelia.r.jones@yahoo.com,Roanoke
NSX6D4D8UJSJ58064,David,Hill,d_l_hill@rocketmail.com,Hesston
LTSZBHVJ9BM467010,Sean,Anderson,seananderson@gmail.com,Warren
BM2M1LUG82Y036545,Sophia,Richardson,s.m.richardson@outlook.com,Platte Center
D0XJ197H9ADP38406,Victoria,Carter,vlcarter@yahoo.com,Stowell
Y4CX4LAR17HU69021,Kevin,Washington,k_j_washington@live.com,Ruskin
KWECLF2WHXYX37846,Erin,Torres,erinmaetorres16@ymail.com,Harrogate
94J9J9ZWP76W34142,Sarah,Powell,sjpowell@ymail.com,Cortland
VSKB4VG75J5J14815,Anna,Johnson,a.k.johnson@live.com,Elmo
5AN1UVPEMG8J82949,Lauren,Evans,laurenevans@yahoo.com,Norfolk
MZ1PLBFMSKFB59969,Joshua,Clark,jwclark@hotmail.com,Saline
SVM48Y3UM37C98064,Steven,Green,s_g_green6@hotmail.com,Liberty Corner
9HRJTRYEK51M46751,Grace,Collins,g_collins@outlook.com,Bowie
EU79CJNU8G9M38030,Elizabeth,Taylor,elizabeth.kay.taylor@aol.com,West Portsmouth
RSZ2NBW8GPPJ44826,Aubrey,Foster,a.foster88@hotmail.com,New Cumberland
9P5JZPZ3S0J788751,Haley,Lopez,haley_lopez@aol.com,Roanoke
VSMZGZPF3NGJ62964,Christopher,Gonzales,c.gonzales@outlook.com,Hooven
0A5LWYGJ2RA398309,Sara,Coleman,saracoleman@yahoo.com,Austin
XL3UZP0XXK8P72320,Jonathan,Harris,jonathanrharris@rocketmail.com,Brookfield
7GP6BE80VVYW54414,Joseph,Martinez,joseph_edward_martinez@gmail.com,Clarington
20WGF32AAMD130305,Danielle,Wood,d.wood@live.com,Lamar
5YMRRXL1L9CS79987,Andrew,Barnes,andrew@ymail.com,Fort Belvoir
849T7LH13MWU59063,Eleanor,Reed,eleanor40@aol.com,Hobart
WXV0S15SRTKN18515,Christopher,Williams,christopherwilliams@yahoo.com,Camarillo
E5H9069102LN18444,Benjamin,Thompson,benjaminedwardthompson@ymail.com,Farina
3H8SUL8ZHVR259459,Andrew,Campbell,andrew@yahoo.com,Blytheville
W1S7A0GB9NUV62220,Nicole,Richardson,nicole.d.richardson@hotmail.com,Tomato
E54EMSSKMXZ677338,Austin,Wilson,a.m@yahoo.com,Crystal Hill
5GWHM34N99GA20880,Aubrey,Jackson,ajackson@live.com,Rock City Falls
S8MNV4AT68ER40595,Amelia,Gray,amelia.gray59@gmail.com,Stearns
M3BYLJ554TL917349,Haley,Howard,haley51@yahoo.com,Plankinton
41X8TRXT8EH723992,Alyssa,Long,a.long@outlook.com,Rowlett
TKZFU1JFBMWS37988,Christina,Richardson,christina.richardson@live.com,Davilla
7TVUJDJZ1HEV38956,Timothy,Perez,timothy.h.perez@ymail.com,Tuscaloosa
HJBNX738RRRH81563,Jeremy,Sanders,jeremy.michael.sanders@rocketmail.com,Columbia
A6VY0DWETYF696859,Sarah,Murphy,sarah_murphy@gmail.com,Winchester Center
TR2NGP4J6F7B74910,Oliver,Alexander,oliver.alexander@gmail.com,Carmen
L809J76R9KF953411,Ashley,Ward,amward@rocketmail.com,Fort Worth
2K6Y5ZZKBX7G32127,Lauren,Brooks,lbrooks@aol.com,Cannel City
WHLXJY3YBXS720453,Natalie,Powell,natalie.powell@rocketmail.com,Pico Rivera
ZLMZ6NDJ95LL81462,Brian,Lewis,b.f.lewis@live.com,Point Hope
BUBZ4NCMPLW064985,Robert,Bennett,robert_ray_bennett@rocketmail.com,Juniata
ASAW3UN03UP132835,Taylor,Parker,t_parker@aol.com,Gassville
SNS01E907HKE44885,Zachary,Davis,z_m_davis@ymail.com,Munford
Y50UPHPSJABY48833,Aiden,Evans,a.evans@hotmail.com,Lewiston
PYU38CMM82KZ29291,Victoria,Watson,vwatson@rocketmail.com,Bloomington
DRA09J21559A88612,Abigail,Powell,abigail_lynn_powell@outlook.com,Macdoel
YK16RNMPTJWE73793,Grace,Kelly,graceakelly@outlook.com,Gilman
GFDZFPF0ZUDS25794,Tyler,Campbell,t.campbell@rocketmail.com,Naylor
DJDRZSKVG2A725020,Evelyn,Mitchell,e.mitchell@outlook.com,Washington
2BVPNPMB6NK530178,John,Butler,jjbutler44@yahoo.com,Cuero
VT5A3V1ME74Z92700,Jack,Young,j.r.young@rocketmail.com,Mount Hermon
1D51XTFAYSGF68973,Grace,Brooks,g_brooks@outlook.com,Dayton
9YPW57LCN82897653,Zachary,Thomas,z_g@gmail.com,West Newbury
0DBZ4JTDXV5U58765,Kayla,Torres,krtorres@gmail.com,Lakemore
0L0F2BKZ4V6649505,Laura,Diaz,lauramdiaz@live.com,Comstock
0WVFVTDDZ7HW23421,Brianna,Morris,brianna_kay_morris83@hotmail.com,Lewistown
9E5B8WND756N99620,Amelia,Cook,a.cook@yahoo.com,Colorado Springs
97NTU5ESB8EP18247,Layla,Allen,layla_k_allen@live.com,Richmond
07E7L7XMV0NU38315,Sebastian,Lee,sebastian_lee@yahoo.com,San Angelo
3WWZ996EZ4HT73920,Brian,Foster,brianfoster@aol.com,Soquel
HX2LJ20KBZYY93742,Amanda,Jenkins,a.a.jenkins@live.com,Munising
RF1YWZ00E7XK47838,Henry,Williams,henry_williams@ymail.com,Sullivan
YRYUH2MWJAR076211,Eric,Parker,e.e.parker@aol.com,Luthersburg
DS7ELGA341AT50120,Charles,Lopez,charleshlopez@gmail.com,Tipton
3KYZ57Y2S10Y13293,Brian,James,b_j_james86@rocketmail.com,Carrington
EK07JKFKFTYA05924,James,Jenkins,jejenkins82@outlook.com,Cloverdale
AC4ZW4X3LFGV16234,Abigail,White,abigail_white@gmail.com,Bloomington
N2M0PKYBHEMV33097,Courtney,Foster,cmfoster@live.com,Charlotte
0S7JUM05TEWM85240,Heather,Perez,heather79@gmail.com,Silver Springs
ARD1UJXRSSKX21954,Dylan,Green,dylan@gmail.com,East Arlington
UEH02JX3D3H354603,Christina,Lewis,clewis2@outlook.com,Weleetka
HRE2VC64D10Y88613,Alyssa,Allen,alyssaanneallen@aol.com,Pensacola
B32060E15GDC33103,Jessica,Phillips,jmphillips@aol.com,Whitewright
GRL8P3B2DEHZ99002,Kimberly,Collins,kimberly_faith_collins@rocketmail.com,Wilson
1PLHV2XL70WC74350,Brian,Foster,b.e.foster@outlook.com,Byers
P9RYB3NS9U3M56193,Timothy,Torres,t_f_torres@aol.com,Templeton
XRY4VVPH2DWH86173,Sofia,Jackson,sofia_k_jackson4@live.com,North Bend
DDCMN75NMJB533524,Julian,Lewis,j_r_lewis@rocketmail.com,Spokane
K7BLFR2J8E9P56259,Julian,Wood,julian.wood@rocketmail.com,Plainville
T4GWR8Y8FBU677582,Charles,Hughes,chughes@hotmail.com,Opelika
3PJ1TXA7646D40268,Victoria,Stewart,victoria.grace.stewart@gmail.com,Clifford
Y9WV13L78A0G94745,Matthew,Wood,matthew.lee.wood@hotmail.com,Daly City
1CJMRA2W4HAD86298,Gabriel,Miller,gd29@ymail.com,Greeley
R9FHUJAPSUY408492,Jeremy,Wright,jeremy.matthew.wright@aol.com,Fall River Mills
6DN8NGS94UL336663,Brianna,Adams,b.adams@rocketmail.com,Anchorage
STP2V0Z1TEJ263740,Jose,James,jose@ymail.com,Chico
68PRNVG752XJ75747,Samuel,Mitchell,samueldavidmitchell@live.com,Opelika
7SR0YRPG2ZVX52104,Brianna,Ward,b_ward93@rocketmail.com,Austin
MB36PF0RCGP737704,Gabriel,Diaz,gabriel.m.diaz@live.com,El Paso
XBN588L52GLY73124,Ryan,Rivera,r.g.rivera@ymail.com,Pasadena
KGHFLW0XMJG674283,Sara,Gray,s.g.gray@aol.com,Oxford
YA6MVK1HHVKK72280,Oliver,Clark,o_clark@rocketmail.com,Louisville
LJWYR0UDZTSH73499,Eleanor,Roberts,e_m_roberts@gmail.com,New Hampton
U6W9J2EBH17258426,Brian,Perez,bperez92@aol.com,Pitkin
1NR4863806B861310,Alexander,Rivera,alexander.rivera@gmail.com,Fruitland
XUH0EMLKCZJF25055,Nicole,Rodriguez,nicolerodriguez@live.com,Montrose
8BKRFMAYK7PU94942,Steven,Morgan,steven_a_morgan@rocketmail.com,Salt Lake City
R33MPNSLT1C110247,Owen,Adams,owen.r.adams@rocketmail.com,Pickens
K9PT28MX838Y91730,Claire,Russell,c.j@hotmail.com,Ford
58GSYTJ1F63A57661,Brian,Jackson,b.j@yahoo.com,Tabor
VDFJD5KHRRP629901,Eleanor,Patterson,eleanor.patterson@gmail.com,Lake Monroe
05KP1W2WBEJE19819,Megan,Martin,megan.martin@hotmail.com,Callaway
6M3CKASLK3DU73211,Chelsea,Evans,chelsea.michelle.evans@ymail.com,Roslyn
95C38PBE5BRF60089,Isaac,Powell,isaac_a_powell@live.com,Fresno
GU9WJVKUXBFL05342,Victoria,Wilson,victoria@ymail.com,Brooksville
3LCVP2768S1H69593,Nathan,Williams,n_a_williams@outlook.com,Westborough
SF0TGLPCD6KJ65104,Stephen,Cox,stephenwilliam@live.com,Albany
N6D5W6GV6VEW00194,Anthony,White,a_f_white@rocketmail.com,French Gulch
NZY1H7NY4KWH55126,Lauren,Richardson,laurenlourichardson43@ymail.com,Fedora
HZX90ZBFBRN313646,Aiden,Wood,a.l@live.com,Epsom
WG9U4DWFWFZX20769,Henry,Bennett,h_bennett@live.com,Alhambra
6KE12XPYXZ7C14631,Haley,Green,h_green@gmail.com,West Henrietta
0UWLGYC9HMR200707,Ashley,Brooks,am@aol.com,Iron Gate
Z4UUR67AACAJ42854,Natalie,Stewart,natalie_m@aol.com,Douglas
DDPVB056UB0296507,Aubrey,Miller,a.l@rocketmail.com,Hamilton
SKHWRDRWR8L640610,Alexander,Jackson,alexanderejackson@outlook.com,Churdan
V5A3XAFMB55R55514,Charles,Cook,charles.cook@yahoo.com,Cranberry Isles
CKTLWL65CXL305492,Michelle,Robinson,michelle.m.robinson@ymail.com,Burrows
1URX12M0UM1G49641,Anna,Moore,amoore@yahoo.com,Preston
DM3TFR0WCYS064393,Jack,Martin,jack.martin@rocketmail.com,Washington
422VEMBS3V5L36409,Michelle,Smith,michelle_l_smith@outlook.com,Baltimore
WJPB50VA919W24576,Erin,Lopez,erin.lopez@rocketmail.com,Denton
TBGRRLHYFCS819961,Richard,Griffin,richard.lee.griffin@ymail.com,Walnut
297K6T29LMR315924,Erin,Roberts,erin.roberts@hotmail.com,Phoenix
8180HRM1F3MC90534,Tyler,Morgan,tmorgan29@aol.com,Kingston Springs
E33N3CBLKK8K90309,Amber,Richardson,amber.richardson@gmail.com,Maxeys
H8Z551JLMB7T11511,Kelsey,Taylor,kelsey.rose.taylor@gmail.com,Montrose
RLKY2PVPHAH574160,Grace,Taylor,gdtaylor87@live.com,Grandfield
TD5UH4EH9XGW21160,Aubrey,Wilson,a.wilson@ymail.com,Clay City
UMHB4CZMUTC275386,Sofia,Wood,sofia_r_wood83@live.com,Dallas
0RD3761GGG9S28761,Layla,Taylor,layla@live.com,Bryant
BAZ0XR223GN634782,Kelsey,Price,k.price@hotmail.com,Vega Baja
AL390LKWW5WL40530,Rebecca,Turner,r_m_turner@aol.com,Winchester
40M3FG1BT55Y03702,David,Phillips,david_phillips@hotmail.com,Rock Rapids
P2X7PXU8NVSH33117,Jennifer,Nelson,jnelson@outlook.com,Oklahoma City
98NV7WFLBCZP89103,Victoria,Russell,v.l.russell35@gmail.com,Linneus
64HA61CV8V1A86291,Natalie,Henderson,natalie.irene.henderson@live.com,Mount Vernon
BN7PRVV3WH8D16251,Jason,Green,j.j.green@outlook.com,Piercefield
2UNETL33WBDJ72247,Evelyn,Gonzales,evelyn.gonzales@live.com,Shawnee Mission
M72M8YT7U44143775,Brittany,Jones,bjones@outlook.com,Smithwick
6226DVEB22TP90810,Abigail,Smith,abigail_smith@ymail.com,Paris
SWX93YXE6RY597541,Jose,Garcia,ja@gmail.com,Blackduck
G00ZA1FGKX1F64417,Nicholas,Ramirez,n.s.ramirez@gmail.com,Greenville
VPTLHRJLR3FG15426,Kimberly,Sanders,k_sanders@live.com,Helix
GYT6WAJBZTFU11784,Eric,Allen,eric.j.allen@yahoo.com,Garden City
EA49GVWK9DNM69895,Erin,Washington,erin.grace.washington10@outlook.com,Tyringham
USTTCNTW3Y9W02427,Ethan,White,ethan.white@gmail.com,Mears
FP5CNJV6MCMN00815,Aubrey,Washington,aubreymwashington@gmail.com,Lone Grove
620E129RJ81D24134,Alyssa,James,alyssajames35@hotmail.com,Farmingdale
FEXB05M0G5DM76709,Jasmine,Powell,jasmine.rose.powell@gmail.com,Turney
PY939U120MBK53499,Stephanie,Coleman,s_coleman66@ymail.com,Monticello
CLKWAZLBYUCA04419,Aiden,Smith,a_r@aol.com,Saint Louis
6JV6M7371JTT80835,Jason,Robinson,jarobinson36@aol.com,Houston
